id;year;month;week;day;hour;fields;relationships;pagination;dto;service;fluent_methods;date
1;87972;25451;91070;25552;85724;24770;16815;Steel West Virginia Dynamic;XML deliverables;navigate;false;2018-06-15T05:47:41
2;21997;78161;18540;51162;15326;15244;10870;THX IB Small;Fantastic;Tuna Burg parsing;false;2018-06-15T13:59:42
3;89344;75610;77074;85771;72917;79116;29696;Persistent Port;HTTP Nepal;engage Cambridgeshire USB;false;2018-06-14T19:40:35
4;19239;66699;19285;76005;70150;54387;1621;HDD calculating;Outdoors Rustic Plastic Hat;navigating Minnesota Buckinghamshire;true;2018-06-15T09:09:34
5;43742;39588;88883;35115;21405;18661;52987;Avon Decentralized Unbranded Plastic Salad;Avon;exploit impactful grow;false;2018-06-15T12:58:25
6;57726;26828;14683;12667;71518;44526;40490;front-end Personal Loan Account Soft;Frozen Extended;monitor;true;2018-06-15T10:32:20
7;31645;68179;77253;20690;28378;15706;39621;Networked matrix;Drive Licensed;Dynamic Glen Throughway;true;2018-06-15T11:12:12
8;31297;26145;56891;63042;94010;85467;63621;backing up Incredible Bedfordshire;tangible service-desk;COM orange;true;2018-06-15T01:32:32
9;3649;61320;51654;52267;67267;88864;30142;Car neutral Paradigm;Shore responsive copy;Czech Republic Programmable Barbados Dollar;true;2018-06-14T16:47:05
10;48041;16230;99928;29663;79809;71435;52610;FTP Sleek Steel Ball;withdrawal Auto Loan Account secured line;Organized maroon one-to-one;true;2018-06-15T13:22:01
